"DESCRIPTION","DURATION IN MS","NAME","PARENT SUITE","START TIME","STATUS","STOP TIME","SUB SUITE","SUITE","TEST CLASS","TEST METHOD"
"","3993","removing one cart item leaves the other three","chromium","2026-10-05","passed","2026-10-05","","angularPracticeLoginShop.spec.js","",""
"","6072","sandbox banner is hidden when 4 events are returned","chromium","2026-10-05","passed","2026-10-05","","sandboxBannerVisibilitywithAPIMocking.spec.ts","",""
"","10471","newly created event should appear on the events page","chromium","2026-10-05","passed","2026-10-05","","buildLoginEventFixture.spec.js","",""
"","721","Sauce Demo Login Failure","chromium","2026-10-05","passed","2026-10-05","","sauceDemo.spec.js","",""
"","5210","@API Place the order","chromium","2026-10-05","passed","2026-10-05","","networkTest.spec.js","",""
"","6924","Valid Login with different email for E-Commerce Automation Practice of valid information of shopping orders and placement","chromium","2026-10-05","passed","2026-10-05","","clientAppPOM.spec.js","",""
"","4550","Blinking Text opens a new tab","chromium","2026-10-05","passed","2026-10-05","","siginPage.spec.js","",""
"","7645","@API Security test request intercept","chromium","2026-10-05","passed","2026-10-05","","networkTest2.spec.js","",""
"","4349","Invalid E-Commerce Automation Practice of Invalid login of shopping orders and placement","chromium","2026-10-05","passed","2026-10-05","","clientAppPOM.spec.js","",""
"","570","Check titles in Cart","chromium","2026-10-05","passed","2026-10-05","","webAPIPart2.spec.js","",""
"","15309","POM client App for E-Commerce Automation Practice of valid information of shopping orders and placement","chromium","2026-10-05","passed","2026-10-05","","clientAppPOM.spec.js","",""
"","1","User Register Form","chromium","2026-10-05","skipped","2026-10-05","","eCommerceUIEndtoEnd.spec.js","",""
"","11608","login Page Practise","chromium","2026-10-05","passed","2026-10-05","","angularPracticeLoginShop.spec.js","",""
"","6394","sandbox banner is shown when 6 events are returned","chromium","2026-10-05","passed","2026-10-05","","sandboxBannerVisibilitywithAPIMocking.spec.ts","",""
"","9786","gmail user sees Access Denied when viewing yahoo user booking","chromium","2026-10-05","passed","2026-10-05","","crossUserBookingAccessDenied.spec.ts","",""
"","4833","@API Place the order","chromium","2026-10-05","passed","2026-10-05","","webAPIPart1.spec.ts","",""
"","14033","Login, add every product to the cart, cross-verify the count 3 ways","chromium","2026-10-05","failed","2026-10-05","","eCommerceUIEndtoEnd.spec.js","",""
"","643","Sauce Demo Login Pass","chromium","2026-10-05","passed","2026-10-05","","sauceDemo.spec.js","",""
"","8407","Fixtures Demo","chromium","2026-10-05","passed","2026-10-05","","fixturesDemo.spec.js","",""
"","8897","Add products to Cart","chromium","2026-10-05","passed","2026-10-05","","webAPIPart2.spec.js","",""
"","4925","SignIn succeeds and navigates to shop","chromium","2026-10-05","passed","2026-10-05","","siginPage.spec.js","",""
"","4468","upload download excel file","chromium","2026-10-05","passed","2026-10-05","","uploadDownload.spec.js","",""
